"","word"
"1","University"
"2","University"
"3","University"
"4","University"
"5","University"
"6","University"
"7","University"
"8","University"
"9","University"
"10","University"
"11","University"
"12","University"
"13","University"
"14","University"
"15","University"
"16","University"
"17","University"
"18","University"
"19","University"
"20","University"
"21","University"
"22","University"
"23","University"
"24","University"
"25","University"
"26","University"
"27","University"
"28","University"
"29","University"
"30","University"
"31","University"
"32","University"
"33","University"
"34","University"
"35","University"
"36","University"
"37","University"
"38","University"
"39","University"
"40","University"
"41","University"
"42","University"
"43","University"
"44","University"
"45","University"
"46","University"
"47","University"
"48","University"
"49","University"
"50","University"
"51","University"
"52","University"
"53","University"
"54","University"
"55","University"
"56","University"
"57","University"
"58","University"
"59","University"
"60","University"
"61","University"
"62","University"
"63","University"
"64","University"
"65","University"
"66","University"
"67","University"
"68","University"
"69","University"
"70","University"
"71","University"
"72","University"
"73","University"
"74","University"
"75","University"
"76","University"
"77","University"
"78","University"
"79","University"
"80","University"
"81","University"
"82","University"
"83","University"
"84","University"
"85","University"
"86","University"
"87","University"
"88","University"
"89","University"
"90","University"
"91","University"
"92","University"
"93","University"
"94","University"
"95","University"
"96","University"
"97","University"
"98","University"
"99","University"
"100","University"
"101","University"
"102","University"
"103","University"
"104","University"
"105","University"
"106","University"
"107","University"
"108","University"
"109","University"
"110","University"
"111","University"
"112","University"
"113","University"
"114","University"
"115","University"
"116","University"
"117","University"
"118","University"
"119","University"
"120","University"
"121","University"
"122","University"
"123","University"
"124","University"
"125","University"
"126","University"
"127","University"
"128","University"
"129","University"
"130","University"
"131","University"
"132","University"
"133","University"
"134","University"
"135","University"
"136","University"
"137","University"
"138","University"
"139","University"
"140","University"
"141","University"
"142","University"
"143","University"
"144","University"
"145","University"
"146","University"
"147","University"
"148","University"
"149","University"
"150","University"
"151","University"
"152","University"
"153","University"
"154","University"
"155","University"
"156","University"
"157","University"
"158","University"
"159","University"
"160","University"
"161","University"
"162","University"
"163","University"
"164","University"
"165","University"
"166","University"
"167","University"
"168","University"
"169","University"
"170","University"
"171","University"
"172","University"
"173","University"
"174","University"
"175","University"
"176","University"
"177","University"
"178","University"
"179","University"
"180","University"
"181","University"
"182","University"
"183","University"
"184","University"
"185","University"
"186","University"
"187","University"
"188","University"
"189","University"
"190","University"
"191","University"
"192","University"
"193","University"
"194","University"
"195","University"
"196","University"
"197","University"
"198","University"
"199","University"
"200","University"
"201","University"
"202","University"
"203","University"
"204","University"
"205","University"
"206","University"
"207","University"
"208","University"
"209","University"
"210","University"
"211","University"
"212","University"
"213","University"
"214","University"
"215","University"
"216","University"
"217","University"
"218","University"
"219","University"
"220","University"
"221","University"
"222","University"
"223","University"
"224","University"
"225","University"
"226","University"
"227","University"
"228","University"
"229","University"
"230","University"
"231","University"
"232","University"
"233","University"
"234","University"
"235","University"
"236","University"
"237","University"
"238","University"
"239","University"
"240","University"
"241","University"
"242","University"
"243","University"
"244","University"
"245","University"
"246","University"
"247","University"
"248","University"
"249","University"
"250","University"
"251","University"
"252","University"
"253","University"
"254","University"
"255","University"
"256","University"
"257","University"
"258","University"
"259","University"
"260","University"
"261","University"
"262","University"
"263","University"
"264","University"
"265","University"
"266","University"
"267","University"
"268","University"
"269","University"
"270","University"
"271","University"
"272","University"
"273","University"
"274","University"
"275","University"
"276","University"
"277","University"
"278","University"
"279","University"
"280","University"
"281","University"
"282","University"
"283","University"
"284","University"
"285","University"
"286","University"
"287","University"
"288","University"
"289","University"
"290","University"
"291","University"
"292","University"
"293","University"
"294","University"
"295","University"
"296","University"
"297","University"
"298","University"
"299","University"
"300","University"
"301","University"
"302","University"
"303","University"
"304","University"
"305","University"
"306","University"
"307","University"
"308","University"
"309","University"
"310","University"
"311","University"
"312","University"
"313","University"
"314","University"
"315","University"
"316","University"
"317","University"
"318","University"
"319","University"
"320","University"
"321","University"
"322","University"
"323","University"
"324","University"
"325","University"
"326","University"
"327","University"
"328","University"
"329","University"
"330","University"
"331","University"
"332","University"
"333","University"
"334","University"
"335","University"
"336","University"
"337","University"
"338","University"
"339","University"
"340","University"
"341","University"
"342","University"
"343","University"
"344","University"
"345","University"
"346","University"
"347","University"
"348","University"
"349","University"
"350","University"
"351","University"
"352","University"
"353","University"
"354","University"
"355","University"
"356","University"
"357","University"
"358","University"
"359","University"
"360","University"
"361","University"
"362","University"
"363","University"
"364","University"
"365","University"
"366","University"
"367","University"
"368","University"
"369","University"
"370","University"
"371","University"
"372","University"
"373","University"
"374","University"
"375","University"
"376","University"
"377","University"
"378","University"
"379","University"
"380","University"
"381","University"
"382","University"
"383","University"
"384","University"
"385","University"
"386","University"
"387","University"
"388","University"
"389","University"
"390","University"
"391","University"
"392","University"
"393","University"
"394","University"
"395","University"
"396","University"
"397","University"
"398","University"
"399","University"
"400","University"
